,Series 1
0,2397.1675675766896
1,2371.333300191334
2,2573.025408191334
3,2573.025408191334
4,2574.872476191334
5,1769.3985915706885
6,2703.937630191334
7,2804.9613141913337
8,2786.6236821913344
9,2751.2150541913343
10,2619.847907191334
11,2518.8875571913336
12,2414.322181191334
13,2387.5486151913337
14,2274.9977591913344
15,2426.2728411913336
16,2426.2728411913336
17,2426.2728411913336
18,2409.5163801913336
19,2407.332473191334
20,2616.611235191334
21,2484.7273921913347
22,2533.831336191334
23,2572.642711191334
24,2452.597088191334
25,2546.3412761913337
26,2588.0557131913347
27,2628.9801521913337
28,2618.9396941913337
29,2618.9396941913337
30,2652.9399691913336
31,2629.971607191334
32,2489.731115191334
33,2412.913087191333
34,2412.913087191333
35,2286.220285191334
36,2223.4013951913344
37,2223.4013951913344
38,2174.803942191334
39,2179.990193191334
40,2282.283339191334
41,2315.6272191913336
42,2329.260530191334
43,2261.320547191334
44,2261.320547191334
45,2285.4676811913337
46,2216.0386571913336
47,2295.9364121913336
48,2188.1177381913335
49,2188.1177381913335
50,2136.0312331913337
51,2136.0312331913337
52,3143.1525300329104
53,2053.8009261913335
54,1857.9328521913333
55,1857.9328521913333
56,1847.3633741913338
57,1860.1290931913338
58,1808.8618511913346
59,1900.5344291913336
60,1900.5344291913336
61,1927.5091351913336
62,1884.703680191334
63,1884.703680191334
64,1884.703680191334
65,1855.2913161913345
66,1792.355148191334
67,1809.855701191334
68,1809.855701191334
69,1690.3986041913336
70,1717.7524771913336
71,1666.6657891913342
72,1705.522254191334
73,1639.5869511913336
74,1642.5624431913345
75,1642.5624431913345
76,1507.3118501913336
77,1507.3118501913336
78,1462.0510281913346
79,1462.0510281913346
80,1462.0510281913346
81,1545.8443301913337
82,1545.8443301913337
83,1545.8443301913337
84,1373.3714531913342
85,1336.5464261913335
86,1336.5464261913335
87,1376.3608841913342
88,1376.3608841913342
89,1185.3285851913338
90,1256.0716811913342
91,1256.2555531913335
92,1176.7959411913341
93,1025.499307191334
94,1064.981558191334
95,1064.981558191334
96,951.2802751913341
97,951.2802751913341
98,762.8588121913341
99,820.2617771913337
100,774.7783501913341
101,892.0977471913337
102,928.6980411913336
103,1016.4101151913336
104,1016.4101151913336
105,925.1361941913336
106,959.7580711913338
107,949.6225951913341
108,949.6225951913341
109,1012.3863591913341
110,1012.3863591913341
111,1007.3285131913341
112,1037.6625131913338
113,1009.0629251913338
114,986.6989761913336
115,986.6989761913336
116,986.6989761913336
117,986.6989761913336
118,764.8905991913339
119,764.8905991913339
120,686.3434631913337
121,678.9748211913337
122,-283.5426354293117
123,-283.5426354293117
124,547.4855631913339
125,546.5893191913337
126,546.5893191913337
127,630.5766961913341
128,758.6330241913338
129,773.095849191334
130,797.2782931913339
131,762.0506731913338
132,759.1182671913339
133,660.4461791913342
134,686.4923241913339
135,733.0379931913341
136,733.0379931913341
137,754.9667161913341
138,754.9667161913341
139,-79.88860542931154
140,862.5222011913338
141,821.0054441913339
142,861.9306481913341
143,827.6838481913338
144,816.8221951913338
145,844.2008611913337
146,837.393321191334
147,797.6442491913341
148,-149.4404924293116
149,846.3304171913338
150,840.6303411913341
151,840.6303411913341
152,860.7801731913338
153,865.5183281913338
154,865.5183281913338
155,853.8671641913338
156,877.6552631913338
157,839.1698421913337
158,778.1287611913341
159,782.1396201913341
160,710.0063601913339
161,684.1348411913342
162,618.5842051913338
163,618.5842051913338
164,668.7929341913341
165,592.061988191334
166,592.061988191334
167,586.5932601913341
168,642.8792681913337
169,642.7250291913338
170,636.1914311913338
171,636.1914311913338
172,600.9197491913337
173,586.616125191334
174,613.2240771913339
175,488.9358771913339
176,488.9358771913339
177,475.06614019133383
178,416.01860419133385
179,486.80501519133384
180,458.45791019133407
181,525.2759771913338
182,497.882736191334
183,486.58513919133384
184,521.506426191334
185,471.4085101913337
186,365.96693519133385
187,365.96693519133385
188,393.2055251913338
189,549.2005286466897
190,502.02630519133385
191,502.02630519133385
192,485.99187719133386
193,1477.1542060329098
194,548.582950191334
195,467.43164419133376
196,388.09623719133367
197,388.09623719133367
198,388.09623719133367
199,388.09623719133367
200,758.9212731913341
201,685.0057461913339
202,548.0916201913337
203,548.0916201913337
204,548.0916201913337
205,432.05317819133364
206,403.8790721913337
207,420.37467419133367
208,420.37467419133367
209,401.49063819133374
210,401.49063819133374
211,288.374354191334
212,1279.31836303291
213,1279.31836303291
214,1279.31836303291
215,63.292048191333784
216,63.292048191333784
217,63.292048191333784
218,63.292048191333784
219,63.292048191333784
220,243.836284191334
221,127.74573119133396
222,78.24205519133369
223,104.34213119133386
224,80.6304801913338
225,71.96116319133392
226,196.68082619133372
227,321.1899391913338
228,165.41211919133406
229,125.13905319133387
230,125.13905319133387
231,-43.3933828086661
232,-74.56319380866631
233,-115.39214380866595
234,-45.17533680866615
235,-6.030932808666023
236,-6.030932808666023
237,-118.1681748086663
238,-118.1681748086663
239,-48.42122680866628
240,37.778188191333754
241,37.778188191333754
242,-229.5259138086663
243,-230.5003158086661
244,-446.03361680866607
245,-362.1437738086661
246,-362.1437738086661
247,-194.89845380866612
248,-181.939483808666
249,-247.37508380866626
250,-247.37508380866626
251,-301.112434808666
252,-335.433778808666
253,-569.3899248086658
254,-540.8791778086661
255,-429.39265880866617
256,-597.357308808666
257,-310.702995808666
258,-482.4094068086662
259,-54.84834980866623
260,-54.84834980866623
261,81.4444271913339
262,296.6709941913341
263,203.57944719133403
264,541.0284871913342
265,614.6014301913337
266,744.7611751913341
267,632.640124191334
268,713.182820191334
269,608.653202191334
270,-314.5389664293116
271,798.3517071913337
272,845.9099521913341
273,985.5977941913337
274,1111.1154031913343
275,1154.5089051913342
276,1154.5089051913342
277,1123.3274481913336
278,1133.4225851913338
279,1148.7120491913342
280,1137.877000191334
281,1108.3973681913337
282,1108.3973681913337
283,1108.3973681913337
284,1108.2526231913341
285,1119.3470011913337
286,1056.8349491913336
287,995.7910131913341
288,950.6978441913337
289,1035.5893191913342
290,1038.0800131913343
291,1060.677803191334
292,1025.4464441913335
293,1025.4464441913335
294,1127.0273281913335
295,1125.6649701913343
296,1125.6649701913343
297,1163.3715791913341
298,1177.2399741913334
299,2113.0427000329096
300,1103.9888161913336
301,1088.7403511913342
302,1059.0112651913337
303,1077.2646551913335
304,1073.7975661913338
305,1060.6564311913341
306,1060.6564311913341
307,1067.0292861913335
308,1067.0292861913335
309,1085.9149941913342
310,1075.182429191334
311,1087.3171361913342
312,1087.3171361913342
313,1109.628894191334
314,1109.628894191334
315,1109.628894191334
316,1082.4982761913338
317,1069.1698021913342
318,82.34167757068835
319,82.34167757068835
320,1010.1339061913341
321,1027.124711191334
322,995.097264191334
323,995.097264191334
324,989.362928191334
325,999.8465981913341
326,952.6156591913341
327,950.2870361913338
328,922.288905191334
329,934.5879061913338
330,976.6504131913341
331,1000.5103801913338
332,975.9746061913338
333,975.9746061913338
334,888.2736531913338
335,875.8952391913341
336,894.8998621913338
337,911.5074921913338
338,911.5074921913338
339,906.9418191913336
340,887.9026021913338
341,888.8597321913339
342,903.6180251913338
343,902.7557781913338
344,912.9296651913336
345,912.9296651913336
346,889.7616941913337
347,914.7866891913341
348,909.2818401913336
349,889.2355131913341
350,822.4363721913338
351,848.272015191334
352,858.7743351913341
353,845.9989911913341
354,813.1333171913337
355,843.9553268266893
356,843.9553268266893
357,793.6419531913339
358,791.8372251913338
359,755.4102451913341
360,771.221630191334
361,729.5013831913337
362,729.5013831913337
363,680.7197221913339
364,696.8036641913341
365,630.8530351913341
366,616.1833391913337
367,599.1272921913338
368,599.1272921913338
369,668.9721971913342
370,633.2956761913338
371,633.2956761913338
372,650.903914191334
373,725.3153001913338
374,718.1172191913338
375,-226.4218584293116
376,793.1170611913341
377,750.6976261913338
378,811.9855951913338
379,811.9855951913338
380,820.0072971913338
381,820.0072971913338
382,1854.3125440329102
383,877.473841191334
384,1853.9354900329101
385,853.7850361913338
386,855.3918911913338
387,774.0657781913337
388,727.447584191334
389,680.071606191334
390,693.9329031913339
391,629.3466181913342
392,598.3437521913338
393,598.3437521913338
394,598.3437521913338
395,599.4121301913337
396,599.4121301913337
397,607.588198191334
398,607.588198191334
399,682.1450951913339
400,691.7084611913338
401,1654.7871300329098
402,689.2220811913339
403,689.2220811913339
404,571.9133581913338
405,586.5122941913338
406,693.5096401913338
407,652.9999331913342
408,699.6421171913339
409,747.0843221913337
410,-307.54129842931155
411,1664.9262990329098
412,1628.4622020329098
413,750.879169191334
414,750.879169191334
415,750.879169191334
416,879.9628691913341
417,838.7724911913338
418,1855.9963130329095
419,819.9444991913338
420,1859.6000730329094
421,803.8218991913341
422,803.8218991913341
423,786.2614761913338
424,805.4675171913341
425,805.4675171913341
426,821.3014141913341
427,820.867068191334
428,841.1917801913338
429,811.1756541913338
430,828.8844531913338
431,822.776235191334
432,819.7891791913339
433,819.7891791913339
434,846.469701191334
435,817.679623191334
436,817.679623191334
437,1825.1903610329102
438,782.917285191334
439,782.917285191334
440,782.917285191334
441,741.9930311913341
442,790.5658251913337
443,790.5658251913337
444,805.3568891913337
445,792.0597841913341
446,748.6253281913341
447,723.143333191334
448,756.2092841913341
449,-260.0586944293117
450,714.7156231913341
451,725.7832881913341
452,702.9927931913339
453,676.0217601913341
454,684.1100621913338
455,684.1100621913338
456,592.6283291913338
457,592.6283291913338
458,592.6283291913338
459,592.6283291913338
460,592.6283291913338
461,702.2915871913337
462,702.2915871913337
463,745.8244871913339
464,745.8244871913339
465,745.8244871913339
466,745.8244871913339
467,809.4818201913341
468,787.194473191334
469,774.2390931913337
470,774.2390931913337
471,848.6334321913341
472,841.3366841913339
473,853.5591961913337
474,853.5591961913337
475,853.5591961913337
476,950.6011531913341
477,872.6361081913337
478,872.6361081913337
479,893.9100451913341
480,893.9100451913341
481,895.4130971913338
482,855.1418651913341
483,886.2590251913339
484,878.7058411913341
485,816.4540711913338
486,816.4540711913338
487,816.4540711913338
488,872.9701821913341
489,872.9701821913341
490,877.9835301913341
491,863.9125941913339
492,86990.30631913338
493,815.5564441913339
494,863.5751651913338
495,872.4056951913341
496,834.9673341913341
497,818.6047191913341
498,799.7534171913339
499,806.562075191334
500,765.9882151913339
501,754.4694911913339
502,722.478384191334
503,737.2267961913341
504,737.2267961913341
505,681.9476371913338
506,822.3373321913341
507,822.3373321913341
508,803.8798291913341
509,803.8798291913341
510,803.8798291913341
511,790.583464191334
512,806.105184191334
513,791.0801271913338
514,791.0801271913338
515,-276.1172006174013
516,725.9512681913337
517,758.7358331913338
518,836.9296691913338
519,854.7073381913337
520,890.0061761913339
521,911.4165915966893
522,911.4165915966893
523,859.7928511913337
524,887.9319831913341
525,891.0535911913339
526,854.9823661913338
527,870.1754801913339
528,870.1754801913339
529,839.3244481913339
530,779.3258371913339
531,773.9528391913341
532,762.2399091913339
533,714.4036701913337
534,1675.6339510329099
535,1675.6339510329099
536,712.0135581913338
537,712.0135581913338
538,710.8088001913337
539,710.8088001913337
540,710.8088001913337
541,710.8088001913337
542,596.2683031913339
543,1593.9721430329098
544,624.6145421913337
545,578.7691261913337
546,578.7691261913337
547,578.7691261913337
548,623.738797191334
549,623.738797191334
550,623.738797191334
551,531.0800021913337
552,531.0800021913337
553,536.4661001913341
554,531.6139001913339
555,515.1474761913341
556,484.6916111913337
557,432.03640419133393
558,432.03640419133393
559,1239.31595303291
560,-667.3552174293118
561,290.8585011913337
562,264.42548119133374
563,264.42548119133374
564,244.26440519133388
565,244.26440519133388
566,-825.9650294293115
567,234.80008919133385
568,234.80008919133385
569,361.97924819133414
570,364.38458519133377
571,364.38458519133377
572,499.97091619133374
573,499.97091619133374
574,518.4469051913338
575,525.8046811913341
576,525.8046811913341
577,525.8046811913341
578,619.390535191334
579,788.8974401913338
580,788.8974401913338
581,730.3216061913341
582,742.7394501913341
583,649.4717641913338
584,682.0359211913337
585,680.4149389466892
586,638.0981011913342
587,590.2078301913339
588,590.2078301913339
589,590.2078301913339
590,727.1783261913338
591,673.454910191334
592,704.0154531913341
593,-262.5370924293115
594,790.2295631913339
595,861.5974491913339
596,871.4139851913337
597,806.6444211913341
598,806.6444211913341
599,806.6444211913341
600,779.0153651913338
601,695.5916041913338
602,683.7230931913341
603,610.827754191334
604,627.018533191334
605,668.2123821913337
606,668.2123821913337
607,733.304357191334
608,765.3989881913341
609,771.7125201913341
610,818.213307191334
611,948.7918831266893
612,907.892872191334
613,799.182045191334
614,799.182045191334
615,780.0088841913339
616,780.0088841913339
617,970.0941461913341
618,989.105407191334
619,995.5597241913338
620,1032.3387631913338
621,1092.937791191334
622,1055.030679191334
623,2089.6713560329094
624,2089.6713560329094
625,2089.6713560329094
626,2089.6713560329094
627,2089.6713560329094
628,1177.4948421913334
629,2187.40063103291
630,1214.4408761913342
631,1171.5692781913335
632,1191.5441851913342
633,1173.0963181913335
634,1218.2569101913334
635,1199.8670481913334
636,1199.8670481913334
637,1210.0167511913335
638,1210.0167511913335
639,1197.0337201913342
640,1200.2345341913338
641,1232.9835881913334
642,1247.228729191334
643,1247.228729191334
644,1244.6851811913346
645,1250.639259191334
646,1234.9131001913345
647,1234.8738131913335
648,1228.0770881913334
649,1206.6549681913345
650,1220.3020311913338
651,1209.1256701913342
652,1161.0292201913342
653,2139.2645270329103
654,1128.8689731913341
655,1091.3759961913345
656,1091.3759961913345
657,1102.9307981913341
658,1102.9307981913341
659,1141.6315251913345
660,1131.6770661913338
661,1135.200018191334
662,1125.2860511913336
663,1125.2860511913336
664,1125.2860511913336
665,1087.889296191334
666,1091.720986191334
667,2040.3130860329095
668,1073.1689171913335
669,1152.7465281913342
670,1127.5048141913335
671,1115.0590561913336
672,1160.337876191334
673,1156.346669191334
674,1167.5356571913342
675,1144.0701981913342
676,1132.6253571913335
677,1110.9544541913342
678,1132.166855191334
679,1140.1138721913335
680,1140.1138721913335
681,1140.1138721913335
682,1175.7181691913345
683,1149.5019261913335
684,1113.286726191334
685,1113.286726191334
686,1113.286726191334
687,1113.286726191334
688,1113.286726191334
689,1016.2920451913336
690,1016.2920451913336
691,1058.679006191334
692,1128.4325941913335
693,1136.817154191334
694,1181.6390411913342
695,1181.6390411913342
696,1145.5394391913335
697,2116.80008403291
698,1126.3151561913342
699,1126.3151561913342
700,1120.287078191334
701,1101.3477241913338
702,1095.9090471913337
703,1084.190145191334
704,1084.190145191334
705,1148.2897461966895
706,1118.3605932266894
707,1118.3605932266894
708,999.2813161913341
709,1035.0168721913335
710,974.5264441913341
711,982.6756831913341
712,985.8907931913341
713,1976.8833530329096
714,978.4744081913341
715,1008.805930191334
716,1008.805930191334
717,978.6054691913341
718,956.4299821913336
719,1909.1131100329096
720,916.6075731913338
721,932.6344051913338
722,924.9804741913341
723,905.9443531913341
724,881.9348771913337
725,863.4326661913337
726,830.268908191334
727,782.936330191334
728,803.703762191334
729,792.3382011913341
730,771.3198161913338
731,1799.5026330329094
732,811.1105301913341
733,792.6506921913337
734,792.6506921913337
735,792.6506921913337
736,826.5910651913341
737,850.684847191334
738,874.9005431913338
739,-110.91739242931172
740,823.8813401913341
741,790.2698831913341
742,809.6984911913338
743,783.5501561913338
744,775.170427191334
745,1695.6867350329098
746,1695.6867350329098
747,773.9131571913341
748,773.9131571913341
749,697.4354491913341
750,697.4354491913341
751,697.4354491913341
752,697.4354491913341
753,700.9423971913337
754,700.9423971913337
755,692.2860111913337
756,692.2860111913337
757,864.3154291913338
758,842.2030951913339
759,842.2030951913339
760,881.0793611913341
761,857.6434261913341
762,876.7624171913341
763,876.7624171913341
764,918.3787731913341
765,918.3787731913341
766,846.0801151913338
767,852.4617721913338
768,821.8211781913337
769,781.6697561913338
770,749.6679251913338
771,685.5890581913342
772,698.1597361913341
773,698.1597361913341
774,814.6827961913341
775,-187.00668442931183
776,-187.00668442931183
777,-187.00668442931183
778,-187.00668442931183
779,775.4621971913339
780,775.4621971913339
781,722.1426671913341
782,722.1426671913341
783,722.1426671913341
784,612.1456871913338
785,577.245379191334
786,687.0339361913339
787,685.0435931913338
788,685.0435931913338
789,784.7130871913341
790,865.7151671913339
791,-122.89583342931148
792,873.0486201913341
793,911.0527861913338
794,911.0527861913338
795,1912.4165470329096
796,914.7876501913338
797,914.7876501913338
798,990.1722253166896
799,909.8581701913341
800,857.9191411913339
801,857.9191411913339
802,848.5765451913339
803,895.8010381913341
804,882.9162611913339
805,815.8484691913341
806,815.8484691913341
807,820.8367951913337
808,820.8367951913337
809,820.8367951913337
810,797.8932091913339
811,791.518556191334
812,755.4825061913339
813,788.8210911913337
814,776.4223381913339
815,777.141791191334
816,773.9084561913338
817,784.3005011913338
818,766.8269491913338
819,758.560160191334
820,788.8177811913338
821,742.8410831913337
822,684.500591191334
823,684.500591191334
824,1699.7965380329094
825,716.5358111913338
826,721.218955191334
827,718.0974241913341
828,689.3040091913341
829,689.3040091913341
830,747.7841691913341
831,759.2356631913341
832,759.2356631913341
833,759.2356631913341
834,757.7726171913341
835,700.3039431913339
836,714.8538211913337
837,708.8847501913338
838,714.1744271913341
839,675.6671031913338
840,649.3880591913338
841,675.6281708966894
842,675.6281708966894
843,595.7955731913338
844,605.266114191334
845,605.7794771913342
846,605.1437001913341
847,621.8320491913341
848,615.262812191334
849,662.1627041913339
850,654.5783231913338
851,658.6466131913338
852,649.2807801913342
853,649.2807801913342
854,644.6103991913337
855,-288.57836542931176
856,660.9137121913342
857,651.0182561913339
858,668.271683191334
859,660.996017191334
860,690.2090051913337
861,672.308654191334
862,680.012847191334
863,661.0114871913338
864,673.8913501913338
865,673.833099191334
866,673.833099191334
867,684.4372781913338
868,687.1236631913339
869,676.0785291913338
870,692.6193231913339
871,692.6193231913339
872,686.5252561913338
873,696.9684271913337
874,690.7686001913339
875,644.5165521913342
876,639.358820191334
877,629.4833261913342
878,560.0223231913337
879,547.8316761913338
880,544.9053941913338
881,528.5110831913338
882,1524.0980800329098
883,552.0366117966896
884,552.0366117966896
885,552.0366117966896
886,480.891756191334
887,485.5419511913337
888,485.5419511913337
889,455.5531971913337
890,417.2839371913337
891,417.2839371913337
892,424.1613241913337
893,417.8465371913338
894,-524.0436044293115
895,-524.0436044293115
896,39714.21151913337
897,-598.3267864293116
898,374.538720191334
899,374.538720191334
900,353.77670119133376
901,343.49599919133374
902,347.9651761913337
903,311.60002119133367
904,313.80674219133374
905,316.6575971913339
906,377.78052919133364
907,377.0431981913338
908,404.5592731913338
909,354.66156619133375
910,350.46736219133385
911,411.1192101913338
912,411.1192101913338
913,453.9100981913339
914,449.3239091913337
915,431.69758219133377
916,450.77121119133375
917,489.1089671913337
918,481.19263719133363
919,491.42040319133406
920,502.266208191334
921,523.7772521913339
922,543.926121191334
923,543.926121191334
924,507.7712351913337
925,507.7712351913337
926,522.5133101913339
927,487.33144119133385
928,487.33144119133385
929,490.32116319133405
930,482.47591419133363
931,479.1459581913341
932,451.14577019133407
933,43976.43931913339
934,458.05776219133384
935,420.72794819133367
936,420.72794819133367
937,485.014733191334
938,456.8728961913338
939,458.9620141913337
940,481.502203191334
941,427.45582819133364
942,460.05634319133367
943,455.4297001913337
944,429.98041719133374
945,416.850023191334
946,426.078555191334
947,463.63935119133384
948,435.4238311913341
949,435.4238311913341
950,462.375438191334
951,483.28206119133387
952,466.4474261913337
953,466.4474261913337
954,457.503001191334
955,410.436275191334
956,406.0247891913341
957,406.0247891913341
958,432.08990519133386
959,408.9101841913338
960,344.66229319133384
961,367.9892148866895
962,374.574877191334
963,377.41695819133383
964,375.23244119133363
965,371.4374871913337
966,371.4374871913337
967,371.4374871913337
968,371.4374871913337
969,309.07706519133393
970,405.4883991913338
971,403.5995231913338
972,375.8815401913338
973,394.336284191334
974,417.682683191334
975,417.682683191334
976,397.9246951913337
977,397.9246951913337
978,397.9246951913337
979,397.9246951913337
980,417.1170391913337
981,417.1170391913337
982,419.7672201913337
983,461.26781819133384
984,466.9935301913337
985,446.23135119133383
986,413.58851219133385
987,413.58851219133385
988,379.31140619133384
989,379.31140619133384
990,324.0009691913337
991,324.0009691913337
992,282.61916119133406
993,317.3017011913338
994,317.3017011913338
995,317.3017011913338
996,330.6329491913338
997,330.2920761913337
998,299.76518819133383
999,339.60991419133364
1000,343.319958191334
1001,343.319958191334
1002,397.6445291766896
1003,397.6445291766896
1004,337.3378361913337
1005,312.63524119133393
1006,305.977171191334
1007,305.977171191334
1008,305.977171191334
1009,285.857043191334
1010,379.177365191334
1011,397.6366911913337
1012,383.98045919133386
1013,376.03079919133364
1014,325.20429819133363
1015,344.85287719133385
1016,344.85287719133385
1017,344.85287719133385
1018,334.30228519133374
1019,356.26249519133387
1020,379.54870019133386
1021,404.10622419133364
1022,407.937684191334
1023,407.937684191334
1024,385.609054191334
1025,1431.0240490329095
1026,405.0958501913337
1027,405.33906419133376
1028,428.2836511913337
1029,444.4101001913341
1030,418.35966919133386
1031,416.549270191334
1032,429.1585131913338
1033,429.1585131913338
1034,399.761195191334
1035,390.9765121913337
1036,365.3355351913337
1037,316.15410019133367
1038,-654.5447704293115
1039,335.8446861913339
1040,335.8446861913339
1041,312.91079119133383
1042,322.3444611913337
1043,322.3444611913337
1044,300.2370181913338
1045,300.2370181913338
1046,358.05055519133384
1047,375.0538821913337
1048,342.18247219133394
1049,289.06106619133374
1050,299.0335341913337
1051,299.0335341913337
1052,315.7038231913338
1053,300.21511519133395
1054,349.23290319133406
1055,321.9427761913338
1056,352.34547319133384
1057,352.34547319133384
1058,313.0580721913338
1059,313.0580721913338
1060,348.95663319133376
1061,388.76526419133364
1062,332.94116319133394
1063,312.1595781913337
1064,327.1882371913338
1065,327.1882371913338
1066,363.2998281913337
1067,347.898009191334
1068,347.898009191334
1069,357.05070719133386
1070,378.828622191334
1071,378.828622191334
1072,378.828622191334
1073,-641.2412044293119
1074,309.410202191334
1075,-623.5453724293116
1076,-623.5453724293116
1077,-623.5453724293116
1078,384.82344419133364
1079,384.82344419133364
1080,384.82344419133364
1081,264.0858981913338
1082,205.60040719133391
1083,204.482880191334
1084,238.07625093668926
1085,240.31015719133387
1086,240.31015719133387
1087,240.31015719133387
1088,240.31015719133387
1089,240.31015719133387
1090,225.43532619133381
1091,209.05196019133373
1092,209.05196019133373
1093,175.6453861913337
1094,175.6453861913337
1095,166.68704019133378
1096,126.4212791913337
1097,126.4212791913337
1098,-974.8894234293117
1099,-90.41539580866636
1100,-90.41539580866636
1101,253.81729771299942
1102,278.247658212999
1103,278.247658212999
1104,199.74668671299926
1105,149.625076212999
1106,163.69718671299947
1107,-1333.7729295493648
1108,99.8165892129992
1109,57.487417212999475
1110,57.487417212999475
1111,50.06259271299914
1112,43.756676712999344
1113,33.11493121299927
1114,53.02970521299911
1115,79.73397421299919
1116,71.26687021299891
1117,58.808293212999466
1118,16.026554712998944
1119,14.544856212998953
1120,-71.72224978700083
1121,-71.72224978700083
1122,-54.85309228700058
1123,-54.85309228700058
1124,-30.765183287000493
1125,1411.5547926439676
1126,1411.5547926439676
1127,-23.209984787000536
1128,-89.99383228700087
1129,-55.380016787000535
1130,-35.09106628700047
1131,-86.10638278700085
1132,-118.96891378700107
1133,-50.38085128700109
1134,11.911714212999046
1135,-3.732264287000731
1136,25.14931921299953
1137,16.783793712999426
1138,74.31233071299889
1139,71.59486321299924
1140,-16.202889287001113
1141,45.908129712999504
1142,-100.0327442870006
1143,-109.91038528700064
1144,-81.43717678700105
1145,-75.69877528700104
1146,-30.86166478700093
1147,-31.247535287000947
1148,-54.07267378700081
1149,-54.07267378700081
1150,-54.07267378700081
1151,-54.07267378700081
1152,-21.342124787000927
1153,-63.5834102870007
1154,-63.5834102870007
1155,-63.5834102870007
1156,-19.84859128700046
1157,-19.84859128700046
1158,1.4765382129990885
1159,-1527.313986049365
1160,6.356398212999097
1161,6.356398212999097
1162,30.75680971299889
1163,-0.8200922870006764
1164,-1484.6588880493646
1165,0.8419512129993052
1166,66.23013571299916
1167,70.08228871299943
1168,108.7633557129994
1169,46.226990712999026
1170,43.180870212999345
1171,52.93403821299953
1172,46.96499521299947
1173,54.673820712999344
1174,80.90785921299889
1175,1534.1819736439677
1176,103.13319571299948
1177,81.19511821299906
1178,115.86125221299913
1179,88.04854321299953
1180,88.04854321299953
1181,88.04854321299953
1182,113.19438871299927
1183,95.57192521299915
1184,95.57192521299915
1185,201.91956421299943
1186,304.82594821299887
1187,304.82594821299887
1188,-1145.5381905493648
1189,278.67800371299893
1190,278.67800371299893
1191,372.44371471299917
1192,463.10434021299966
1193,528.9075267129994
1194,387.6519702129991
1195,221.07403471299892
1196,307.7507187129994
1197,289.48356571299894
1198,275.20521871299917
1199,275.20521871299917
1200,310.6599507129994
1201,310.6599507129994
1202,310.6599507129994
1203,301.30898521299963
1204,301.30898521299963
1205,187.5982527129989
1206,187.5982527129989
1207,192.17797621299937
1208,203.74134721299907
1209,273.93547257496584
1210,1691.891124643967
1211,255.299492712999
1212,286.0497282129989
1213,302.23810471299936
1214,302.23810471299936
1215,337.37651071299945
1216,358.68946921299937
1217,447.9336822129994
1218,444.5473302129993
1219,509.7768957129989
1220,479.31924421299897
1221,498.9729342129991
1222,429.8733612129992
1223,520.0321801849659
1224,458.25342421299945
1225,435.35644021299896
1226,382.8238707129996
1227,422.2606902129995
1228,422.2606902129995
1229,460.67932471299963
1230,460.67932471299963
1231,409.2038157129992
1232,337.7642157129991
1233,375.32266921299936
1234,339.71074621299937
1235,288.44840671299886
1236,301.2007287129992
1237,348.28603621299936
1238,316.2535017129993
1239,356.96141071299934
1240,332.64193471299893
1241,340.3244907129992
1242,343.8842907129992
1243,343.8842907129992
1244,343.8842907129992
1245,343.8842907129992
1246,343.8842907129992
1247,511.4010132129992
1248,500.3231697129992
1249,500.3231697129992
1250,457.45578421299894
1251,505.76422471299935
1252,458.47088071299896
1253,424.38382471299934
1254,424.38382471299934
1255,424.38382471299934
1256,456.4509162129992
1257,456.4509162129992
1258,456.4509162129992
1259,580.8995682129993
1260,500.2292412129994
1261,495.6114642129991
1262,484.07275771299936
1263,522.9164442129992
1264,585.3282507129993
1265,585.3282507129993
1266,549.023737212999
1267,536.694731712999
1268,624.5535357129993
1269,591.8375337129991
1270,610.054781712999
1271,512.133845712999
1272,557.6541867129994
1273,579.5980212129992
1274,618.2768997129991
1275,659.9494482129993
1276,736.716784212999
1277,724.481246712999
1278,745.3835832129996
1279,780.795301212999
1280,817.7996067129993
1281,782.0665542129991
1282,825.7767612129994
1283,845.5518147129993
1284,821.5955202129993
1285,878.7478092129991
1286,878.7478092129991
1287,1035.6407817129993
1288,1035.6407817129993
1289,997.690193712999
1290,997.690193712999
1291,916.7101542129992
1292,916.7101542129992
1293,887.5671393049658
1294,830.1606507129991
1295,742.3574142129991
1296,742.3574142129991
1297,850.895308212999
1298,850.895308212999
1299,850.895308212999
1300,850.895308212999
1301,786.0783222129993
1302,786.0783222129993
1303,865.6511772129991
1304,882.2241192129991
1305,834.2998002129992
1306,767.4150522129993
1307,825.1197252129995
1308,825.1197252129995
1309,706.9151727129988
1310,666.8004638816034
1311,622.4041332129995
1312,511.31135371299916
1313,451.393313712999
1314,1922.8690071439667
1315,356.51821921299904
1316,305.2460877129994
1317,288.34840948996583
1318,310.5772287129995
1319,286.1798037129992
1320,293.4126582129992
1321,349.82024521299934
1322,386.89004071299934
1323,445.91383711996565
1324,358.48873921299935
1325,307.74145621299937
1326,372.6869607129989
1327,431.1917832129992
1328,402.3015642129991
1329,307.5560037129996
1330,319.3053087129992
1331,268.8835302129995
1332,-1238.1498870493645
1333,179.4149697129993
1334,227.245885212999
1335,148.514063712999
1336,102.01636171299931
1337,124.56427771299907
1338,108.667402212999
1339,124.92117421299926
1340,124.92117421299926
1341,190.74155821299917
1342,210.15399421299918
1343,241.5542442129993
1344,222.83468071299907
1345,291.9489612129993
1346,291.9489612129993
1347,316.78001371299945
1348,285.98878021299936
1349,199.2691782129994
1350,163.38514471299945
1351,175.55529121299907
1352,175.55529121299907
1353,152.23310971299938
1354,153.36569971299932
1355,148.91641321299934
1356,169.37331721299947
1357,169.37331721299947
1358,245.66508421299892
1359,196.8665577129992
1360,321.4708857129991
1361,268.4974887129989
1362,244.05286321299957
1363,287.0506587129993
1364,322.74665971299913
1365,254.44592671299927
1366,250.62123571299918
1367,258.0283137129992
1368,256.3075062129996
1369,256.3075062129996
1370,256.3075062129996
1371,250.21562971299943
1372,1711.3815171439676
1373,1711.3815171439676
1374,1711.3815171439676
1375,364.7126097129991
1376,335.0917227129993
1377,437.67193021299937
1378,-989.3384415493648
1379,487.7450457129991
1380,550.3014312129995
1381,525.4622337129991
1382,405.3537072129993
1383,350.377688712999
1384,340.9984962129992
1385,340.9984962129992
1386,262.5841917129993
1387,262.5841917129993
1388,262.5841917129993
1389,209.96876971299943
1390,209.96876971299943
1391,290.8721082129995
1392,274.86949921299913
1393,292.6202667129993
1394,292.6202667129993
1395,292.6202667129993
1396,355.4802387129995
1397,321.9824472129993
1398,318.7209822129995
1399,318.7209822129995
1400,318.7209822129995
1401,255.77608171299931
1402,290.4650472129989
1403,370.31591071299897
1404,475.0360887129994
1405,446.72329621299934
1406,278.61162271299906
1407,278.61162271299906
1408,278.61162271299906
1409,62.03162671299955
1410,23.985737712998887
1411,70.22165971299918
1412,99.85392421299944
1413,84.04629271299912
1414,76.00385221299949
1415,33.00211321299898
1416,33.00211321299898
1417,58.44856771299928
1418,-0.8482607870006689
1419,9.982351212999534
1420,9.982351212999534
1421,-26.673769787000452
1422,-2.0348882870011096
1423,7.177700712999325
1424,25.817954712999462
1425,25.817954712999462
1426,20.62684921299896
1427,-50.126304287000856
1428,-50.126304287000856
1429,-85.92452128700111
1430,-85.92452128700111
1431,1332.1217001439675
1432,-153.98630728700087
1433,-123.00340078700073
1434,-123.00340078700073
1435,-126.08301028700079
1436,-76.40653378700075
1437,-9.800509787000834
1438,-9.800509787000834
1439,-61.608715787000534
1440,-61.608715787000534
1441,1402.3301181439676
1442,-92.71875778700078
1443,-83.58740428700108
1444,-83.58740428700108
1445,-83.58740428700108
1446,-83.58740428700108
1447,-83.58740428700108
1448,-83.58740428700108
1449,-226.9033547870005
1450,-226.9033547870005
1451,-226.9033547870005
1452,-226.9033547870005
1453,-141.6775427870006
1454,-110.02075828700063
1455,-124.87422778700069
1456,-139.4057912870011
1457,-131.97428878700057
1458,-67.59613528700075
1459,-82.66543978700057
1460,-82.66543978700057
1461,-73.66554778700097
1462,-123.2315357870008
1463,-75.57103378700107
1464,-67.44464878700107
1465,-55.944205787000705
1466,-80.42253628700055
1467,-85.11439228700047
1468,-26.956263287000557
1469,-26.956263287000557
1470,-26.956263287000557
1471,-97.716466787001
1472,-89.96414128700044
1473,-89.96414128700044
1474,-46.31210728700094
1475,-50.629464287000616
1476,-1491.568171549365
1477,-5.980557287000607
1478,1448.6534691439679
1479,1448.6534691439679
1480,22.30263271299904
1481,1510.0682961439677
1482,60.0489687129992
1483,60.0489687129992
1484,12.747670212998939
1485,42.49762471299945
1486,-57.52079428700054
1487,-103.75442878700063
1488,-103.75442878700063
1489,-134.24141428700082
1490,-149.1531887870007
1491,-149.1531887870007
1492,-121.62681628700071
1493,-121.62681628700071
1494,-75.7973027870011
1495,-154.23529378700061
1496,-163.37612728700097
1497,-126.10956028700062
1498,-126.98447428700106
1499,-123.95176978700093
1500,-1638.1144553560325
1501,-3116.2447847870008
1502,-3081.3914822870006
1503,-3108.172711787001
1504,-3089.961978287001
1505,-3075.239730287001
1506,-3075.239730287001
1507,-3097.9587497870007
1508,-3033.1200407870006
1509,-3001.7321897870006
1510,-3008.6856092870007
1511,-3119.061262787001
1512,-3123.7211732870005
1513,-3129.9079832870007
1514,-3129.9079832870007
1515,-3076.8528002870007
1516,-3039.8913857870007
1517,-3030.763762787001
1518,-3002.2840742870007
1519,-3002.2840742870007
1520,-2941.295782787001
1521,-2941.295782787001
1522,-2970.4088912870006
1523,-2947.7740607870005
1524,-3010.3947947870006
1525,-2997.036067787001
1526,-3012.0702992870006
1527,-3041.356264787001
1528,-3006.870820787001
1529,-3006.870820787001
1530,-3013.3306937870007
1531,-4497.907024549364
1532,-4497.907024549364
1533,-3000.984201287001
1534,-2986.5279032870008
1535,-2986.691236787001
1536,-2975.728269287001
1537,-2968.708834787001
1538,-2968.708834787001
1539,-2888.2743872870005
1540,-2894.331417287001
1541,-4355.690920549365
1542,-2902.8459977870007
1543,-2914.9371242870006
1544,-2850.5739212870008
1545,-2871.2485307870006
1546,-2791.2012272870006
1547,-2753.466243287001
1548,-2845.877002787001
1549,-2789.7115667870007
1550,-2789.7115667870007
1551,-2885.2360007870006
1552,-2841.205174787001
1553,-2846.583478787001
1554,-2756.6678387870006
1555,-1306.8769463560325
1556,-1306.8769463560325
1557,-2713.638025787001
1558,-2796.9613277870008
1559,-2810.2939307870006
1560,-2808.2686907870007
1561,-2829.0807302870007
1562,-2868.0188987870006
1563,-1328.179794856033
1564,-2738.251821287001
1565,-2812.9397072870006
1566,-2878.0047932870007
1567,-2899.986576287001
1568,-2931.145134287001
1569,-2953.715649287001
1570,-2939.182692287001
1571,-2907.7796207870006
1572,-2891.568168287001
1573,-2889.415636787001
1574,-2889.415636787001
1575,-1388.5331648560327
1576,-2788.6505132870006
1577,-2656.478598287001
1578,-2659.904713787001
1579,-2705.2024487870003
1580,-2759.2980302870005
1581,-2740.315164287001
1582,-2740.315164287001
1583,-2740.315164287001
1584,-2816.9822867870007
1585,-2781.8504402870008
1586,-2804.2229222870005
1587,-2764.882476287001
1588,-2711.1883127870005
1589,-2782.6795982870008
1590,-2782.6795982870008
1591,-2831.5238462870007
1592,-2833.791927287001
1593,-2779.6475672870006
1594,-2779.6475672870006
1595,-2724.740364287001
1596,-2771.6965187870005
1597,-1284.4387568560328
1598,-2784.827508287001
1599,-2790.829857287001
1600,1888.0189141913336
1601,1888.0189141913336
1602,1870.8679271913336
1603,1870.8679271913336
1604,1851.710607191334
1605,1839.8125351913338
1606,1835.704437191334
1607,1835.704437191334
1608,1855.8169451913338
1609,1811.7303911913339
1610,1788.365378191334
1611,1788.365378191334
1612,1716.561067191334
1613,1719.910630191334
1614,1714.099838191334
1615,1665.3542311913336
1616,1705.056420191334
1617,1705.056420191334
1618,1629.2013661913336
1619,1637.9508591913338
1620,1604.6476231913339
1621,1577.694372191334
1622,1547.132431191334
1623,1557.1269631913335
1624,1557.1269631913335
1625,1665.978173191334
1626,1665.978173191334
1627,1659.8208931913339
1628,1659.8208931913339
1629,1664.127031191334
1630,1636.8660811913337
1631,1636.8660811913337
1632,1636.8660811913337
1633,744.6957035706885
1634,744.6957035706885
1635,1743.485740191334
1636,1743.485740191334
1637,1746.098607191334
1638,1789.7351601913335
1639,1820.4384341913337
1640,1807.057222191334
1641,1799.803955191334
1642,1788.7405771913338
1643,1823.7502291913336
1644,1852.9167251913339
1645,1834.635989191334
1646,1818.512644191334
1647,1852.8459901913336
1648,1852.8459901913336
1649,1840.1710081913336
1650,1852.558447191334
1651,1870.6371111913338
1652,881.4358285706887
1653,1837.024939191334
1654,1853.8388221913335
1655,1846.720173926689
1656,1835.2181411913336
1657,1823.095625191334
1658,1822.313995191334
1659,1816.058408191334
1660,1828.3737271913337
1661,1828.3737271913337
1662,1776.6325461913339
1663,1780.8474311913337
1664,1780.8474311913337
1665,1755.216520191334
1666,1755.216520191334
1667,1755.216520191334
1668,1755.216520191334
1669,1736.627454191334
1670,1726.716320191334
1671,1726.716320191334
1672,2702.5643020329103
1673,2702.5643020329103
1674,1788.863348191334
1675,1776.619870191334
1676,1771.2992461913339
1677,1784.270543191334
1678,1812.9479831913338
1679,1812.9479831913338
1680,1812.6860591913337
1681,1789.0842671913335
1682,1801.3949821913336
1683,1756.637844191334
1684,1756.637844191334
1685,1756.637844191334
1686,1756.637844191334
1687,1822.068734191334
1688,1826.865805191334
1689,1826.865805191334
1690,875.9569735706883
1691,2881.2123380329103
1692,1941.9073211913337
1693,1941.9073211913337
1694,1936.4300411913339
1695,1904.1657781913339
1696,1895.565690191334
1697,1873.7101211913339
1698,1878.6061251913336
1699,1855.1555361913336
1700,1855.1555361913336
1701,2943.961584097175
1702,2943.961584097175
1703,2943.961584097175
1704,1863.5440811913338
1705,1839.192553191334
1706,1828.9143361913336
1707,1820.752521191334
1708,1820.752521191334
1709,1853.836871191334
1710,1861.6986991913338
1711,1835.183905191334
1712,1807.176614191334
1713,1750.7051781913335
1714,1738.112279191334
1715,1738.112279191334
1716,1758.8690981913337
1717,1772.7131801913335
1718,1764.2851001913339
1719,2770.52271603291
1720,1738.2128411913338
1721,1707.598051191334
1722,1682.1453191913336
1723,2660.4105560329103
1724,1708.9894451913335
1725,1680.3474621913335
1726,1663.152013191334
1727,1680.929036191334
1728,1725.7248561913339
1729,1756.7541401913338
1730,1691.0648661913335
1731,1666.7283601913339
1732,1666.7283601913339
1733,1693.043235191334
1734,1738.5011231913338
1735,1738.5011231913338
1736,761.1951885706887
1737,761.1951885706887
1738,1724.898890191334
1739,1715.5309761913338
1740,1730.3631691913336
1741,1783.3534341913337
1742,1790.1326541913338
1743,1811.3241801913339
1744,1811.3241801913339
1745,1767.315627191334
1746,1767.315627191334
1747,1721.5770011913337
1748,1711.2880961913336
1749,1701.554909191334
1750,1741.8658921913336
1751,1822.1462771913336
1752,1783.063827191334
1753,1762.0403461913336
1754,1805.791370191334
1755,1874.730513191334
1756,1903.7776601913336
1757,1893.573906191334
1758,1854.6445801913337
1759,1801.894887191334
1760,1800.9703421913339
1761,834.5507785706883
1762,1867.1009051913336
1763,1867.5604291913337
1764,1906.079914191334
1765,1919.0937461913338
1766,1919.0937461913338
1767,1934.176399191334
1768,1892.3960541913336
1769,1892.3960541913336
1770,1892.3960541913336
1771,1892.3960541913336
1772,2881.9754630329103
1773,1922.983045191334
1774,1929.892617191334
1775,1932.947146191334
1776,1936.338001191334
1777,1936.338001191334
1778,1862.8988681913336
1779,1879.474104191334
1780,1891.687657191334
1781,1876.2209911913337
1782,1856.9028181913338
1783,1856.9028181913338
1784,1833.7545231913339
1785,1827.4997951913335
1786,1827.4997951913335
1787,1825.9256961913336
1788,1795.4297661913336
1789,1791.8859471913336
1790,1753.987698191334
1791,1745.607810191334
1792,1745.607810191334
1793,1745.607810191334
1794,1682.8849761913339
1795,1657.2057881913336
1796,1680.1919801913339
1797,1680.1919801913339
1798,1680.1919801913339
1799,1770.9417051913335
1800,1728.9229761913339
1801,1768.151465191334
1802,1768.151465191334
1803,1782.8105811913335
1804,1853.0490801913336
1805,2867.6738510329096
1806,1861.3183131913336
1807,1843.1938071913337
1808,1854.882815191334
1809,1850.4596461913336
1810,1830.7603501913338
1811,1792.644386191334
1812,1833.4982861913338
1813,1818.1401101913336
1814,1815.925327191334
1815,2808.8630370329097
1816,1790.3217731913337
1817,1812.5157881913335
1818,1799.1900261913336
1819,1799.1900261913336
1820,1823.7008541913335
1821,1823.7008541913335
1822,1823.7008541913335
1823,1826.717788191334
1824,1826.717788191334
1825,1788.6154751913339
1826,1736.385981191334
1827,1756.9265471913338
1828,1756.9265471913338
1829,1722.467647191334
1830,1690.6526761913335
1831,1690.6526761913335
1832,1690.6526761913335
1833,1722.062019191334
1834,1747.2899211913339
1835,1747.2899211913339
1836,1747.2899211913339
1837,1726.2614221913338
1838,1732.226761191334
1839,1732.226761191334
1840,1779.723180191334
1841,1775.843714191334
1842,1758.9410061913338
1843,1734.5774011913338
1844,1735.0596661913337
1845,1735.0596661913337
1846,1672.614400191334
1847,2669.0747300329103
1848,2669.0747300329103
1849,1713.3780821913335
1850,2694.0646550329097
1851,1703.386580191334
1852,700.3083015706886
1853,1676.8529051913335
1854,1673.0550681913337
1855,1621.1494271913339
1856,1669.7347341913337
1857,1682.046093191334
1858,1693.7139361913337
1859,1662.3569711913335
1860,1673.5121491913337
1861,1686.798232191334
1862,1686.798232191334
1863,1717.7990351913338
1864,1718.7182241913335
1865,1719.9669341913338
1866,1700.2860141913336
1867,1711.981185191334
1868,1704.1476331913339
1869,1709.8437381913338
1870,1678.7808891913337
1871,1678.7808891913337
1872,1622.4745451913338
1873,1649.0308641913339
1874,1649.0308641913339
1875,1597.3270081913336
1876,1532.609930191334
1877,1542.0613511913339
1878,1588.0960451913336
1879,1619.0759871913335
1880,1619.0759871913335
1881,1629.7534181913336
1882,1641.885236191334
1883,1607.9800141913336
1884,1608.975112191334
1885,2611.9815410329097
1886,1607.283599191334
1887,1610.1929731913335
1888,1603.8704361913335
1889,1603.8704361913335
1890,1611.659458191334
1891,1611.659458191334
1892,1611.659458191334
1893,1564.392191191334
1894,1558.754246191334
1895,1545.0974151913335
1896,585.6524475706884
1897,1563.091016191334
1898,1539.1182731913339
1899,1498.0331461913336
1900,-504.094990808666
1901,-511.8143518086664
1902,-534.975307808666
1903,-534.975307808666
1904,-508.4495668086661
1905,-534.3909428086663
1906,-541.8788048086661
1907,-479.80233580866616
1908,-479.80233580866616
1909,-479.80233580866616
1910,-521.7739938086662
1911,-504.39017680866624
1912,-542.4755088086663
1913,-542.4755088086663
1914,-506.77607480866624
1915,-456.5926488086661
1916,-456.5926488086661
1917,-456.5926488086661
1918,-455.1057308086662
1919,-452.4430578086663
1920,527.3067050329099
1921,527.3067050329099
1922,-418.80514780866594
1923,-418.80514780866594
1924,-426.58430680866616
1925,-426.58430680866616
1926,-1443.7292654293115
1927,-474.3366818086661
1928,-454.84525480866614
1929,-440.73548580866606
1930,-466.465298808666
1931,-445.65664180866594
1932,-442.65951180866614
1933,-442.65951180866614
1934,-450.459827808666
1935,-469.70887280866606
1936,-479.0939758086661
1937,-467.778158808666
1938,-484.6481058086662
1939,-484.6481058086662
1940,-524.6375768086658
1941,-530.5310878086661
1942,-530.5310878086661
1943,-562.0074678086662
1944,-597.4415428086659
1945,-601.4057388086662
1946,-600.6432678086662
1947,-631.377163808666
1948,-625.2906478086661
1949,-665.2887538086661
1950,-671.6805008086662
1951,-697.0500948086659
1952,326.8619450329097
1953,-673.520613808666
1954,-673.520613808666
1955,-673.520613808666
1956,-605.6165928086663
1957,-621.6746318086663
1958,-601.0150278086662
1959,-601.0150278086662
1960,-621.5113188086661
1961,-593.6071698086662
1962,-593.6071698086662
1963,-626.4523608086662
1964,-626.4523608086662
1965,-667.0412419933109
1966,-598.9365318086661
1967,-614.8094558086658
1968,-589.2309168086663
1969,-607.7936768086662
1970,-607.7936768086662
1971,-607.7936768086662
1972,-614.4638558086663
1973,373.0156750329097
1974,-1554.9121334293116
1975,-580.4226328086662
1976,-580.4226328086662
1977,-611.8319298086662
1978,-603.8830938086662
1979,-610.3023158086662
1980,-640.5419888086662
1981,-637.131369808666
1982,-637.131369808666
1983,-648.947332808666
1984,-655.376157808666
1985,-675.2961768086661
1986,-675.2961768086661
1987,-675.2961768086661
1988,-763.6831828086661
1989,-763.6831828086661
1990,-718.4730178086661
1991,-736.3112208086659
1992,-736.3112208086659
1993,253.37356503291
1994,-750.9525358086662
1995,-787.1359258086659
1996,-792.8641028086662
1997,-820.1630918086662
1998,-807.022789808666
1999,-807.022789808666
2000,-806.080349808666
2001,-717.4243958086662
2002,-706.9874538086659
2003,-709.3676368086662
2004,-709.3676368086662
2005,-745.6708698086659
2006,-766.0734128086659
2007,-760.1461958086661
2008,-777.4192128086661
2009,-738.682956808666
2010,-727.5307828086661
2011,-727.5307828086661
2012,-727.5307828086661
2013,-700.1107928086662
2014,-1686.4576424293116
2015,-708.922594808666
2016,-714.7678328086662
2017,-714.7678328086662
2018,-714.7678328086662
2019,-706.6126438086662
2020,-693.4907838086659
2021,-692.0369658086661
2022,-714.8155478086659
2023,-714.8155478086659
2024,-718.2767958086661
2025,-718.2767958086661
2026,-738.0043948086659
2027,-749.4637588086663
2028,-755.8316128086663
2029,-782.4704078086661
2030,-787.3185968086659
2031,-787.3185968086659
2032,-799.2709458086659
2033,-799.2709458086659
2034,-1810.7237274293116
2035,-783.7699588086663
2036,-810.5011548086659
2037,-790.3782568086663
2038,-1720.8649584293116
2039,-766.3869988086662
2040,-766.3869988086662
2041,-772.7804388086661
2042,-772.7804388086661
2043,-772.7804388086661
2044,-789.9490618086661
2045,-803.7932998086662
2046,-795.8738538086659
2047,-803.5064608086659
2048,-803.5064608086659
2049,-803.5064608086659
2050,-818.737632808666
2051,-831.599384808666
2052,-805.7476178086662
2053,-1783.7086124293114
2054,-810.9116378086659
2055,-823.4496738086659
2056,-832.1141468086662
2057,-832.1141468086662
2058,-841.8159248086662
2059,-847.8839008086661
2060,-847.8839008086661
2061,-862.1855968086661
2062,-873.3889098086661
2063,-873.3889098086661
2064,-1847.0236464293116
2065,-874.8544548086661
2066,-886.8090558086659
2067,-886.8090558086659
2068,-886.8090558086659
2069,-892.0070448086663
2070,-889.9848438086659
2071,-889.9848438086659
2072,-992.683624808666
2073,-979.5019098086659
2074,-975.8057608086659
2075,-961.2534798086664
2076,-961.2534798086664
2077,-961.2534798086664
2078,-953.432495808666
2079,-953.932498808666
2080,-985.4672338086663
2081,-1013.417148808666
2082,-1012.2990448086663
2083,-1012.2990448086663
2084,-985.4828208086659
2085,-1007.1837828086659
2086,-1017.0946608086659
2087,-1017.0946608086659
2088,-1096.1669151633105
2089,-1993.9563594293115
2090,-1993.9563594293115
2091,-1017.9741668086659
2092,-1017.9741668086659
2093,-1038.894243808666
2094,-1053.2160448086659
2095,-1053.2160448086659
2096,-1053.2160448086659
2097,-1076.477432808666
2098,-1087.839910808666
2099,-1087.839910808666
2100,-1087.839910808666
2101,-1148.2909408086662
2102,-1139.0443948086659
2103,-1099.7507698086658
2104,-1099.7507698086658
2105,-1164.1819627133107
2106,-1088.2298738086658
2107,-1061.209320808666
2108,-1008.3073528086659
2109,-1023.8844558086662
2110,-1036.7410018086662
2111,-1003.2318668086659
2112,-1025.8918478086662
2113,-1039.509617808666
2114,-1030.6534108086662
2115,-1038.513083808666
2116,-1038.513083808666
2117,-1021.4434338086659
2118,-1020.260812808666
2119,-1020.260812808666
2120,-966.7706628086662
2121,-984.3800278086659
2122,-1002.1644608086664
2123,-1015.055423808666
2124,-998.4421938086663
2125,-1005.9767818086659
2126,-1003.0645288086662
2127,-976.9921988086662
2128,-965.9309168086659
2129,-961.4803018086659
2130,-976.0750118086662
2131,-976.0750118086662
2132,-972.2674408086659
2133,-972.2674408086659
2134,-964.250225808666
2135,-988.1331688086659
2136,-988.1331688086659
2137,-943.805118808666
2138,-934.4837848086664
2139,-944.429755808666
2140,-944.429755808666
2141,-930.9676798086663
2142,-926.0680608086659
2143,-911.6601558086659
2144,-932.9709638086659
2145,-960.3245868086659
2146,-960.3245868086659
2147,-974.6153788086664
2148,-967.405297808666
2149,-978.1430438086659
2150,-1996.1580804293114
2151,-1996.1580804293114
2152,-1042.4083638086659
2153,-1050.9774408086662
2154,-1028.1236938086658
2155,-1028.1236938086658
2156,-1046.594533808666
2157,-1049.618576808666
2158,-1057.534620808666
2159,-1041.2268058086659
2160,-1034.283025808666
2161,-1034.283025808666
2162,-1023.0195138086659
2163,-1039.9502518086658
2164,-1061.863669808666
2165,-1061.863669808666
2166,-1061.863669808666
2167,-1068.5993808086662
2168,-1068.5993808086662
2169,-1072.042523808666
2170,-1069.1211788086662
2171,-1086.5022898086659
2172,-1101.0802538086662
2173,-1101.0802538086662
2174,-1144.449495808666
2175,-1104.8981048086662
2176,-1093.3663688086658
2177,-1082.386275808666
2178,-1129.3368628086662
2179,-1129.3368628086662
2180,-1152.595214808666
2181,-1124.8860368086662
2182,-1093.4699778086658
2183,-1093.4699778086658
2184,-1059.884560808666
2185,-1073.8240618086659
2186,-1080.7405988086662
2187,-1069.977649808666
2188,-1098.2455788086659
2189,-1091.6800748086662
2190,-1084.4430498086658
2191,-2036.9909364293121
2192,-1054.6975478086658
2193,-1054.6975478086658
2194,-1026.505114808666
2195,-1052.7072598086659
2196,-1076.207470808666
2197,-1076.207470808666
2198,-1076.207470808666
2199,-1076.207470808666
2200,-1167.1464698086659
2201,-1134.1883198086662
2202,-1159.842735808666
2203,-1193.3520106033106
2204,-1193.3520106033106
2205,-1140.712641808666
2206,-1143.725572808666
2207,-1166.039156808666
2208,-1190.795383808666
2209,-1168.0495908086662
2210,-1168.0495908086662
2211,-1149.0186518086662
2212,-1171.0128418086658
2213,-1159.0092898086662
2214,-1206.4350308086662
2215,-1206.4350308086662
2216,-1227.9733738086659
2217,-1167.3304798086658
2218,-1167.3304798086658
2219,-1129.2010988086658
2220,-1155.9377208086662
2221,-1155.5255778086662
2222,-2288.399495747401
2223,-1258.2984565133106
2224,-1160.320898808666
2225,-1203.6487328086662
2226,-1185.938013808666
2227,-1141.7733238086662
2228,-1128.7091138086662
2229,-1128.7091138086662
2230,-1097.151598808666
2231,-100.43743096709021
2232,-1099.975579808666
2233,-1089.6839438086658
2234,-95.3214299670901
2235,-95.3214299670901
2236,-63.54443496709016
2237,-1026.227614808666
2238,-1032.9454108086659
2239,-1032.9454108086659
2240,-1032.9454108086659
2241,-1026.8870098086659
2242,-1042.324090808666
2243,-1042.324090808666
2244,-1092.699467808666
2245,-1092.699467808666
2246,-1075.1737738086658
2247,-1064.2061078086658
2248,-1064.2061078086658
2249,-1077.2241918086659
2250,-1081.661177808666
2251,-1051.107004808666
2252,-1080.914192808666
2253,-1111.8360398086659
2254,-1063.838509808666
2255,-1063.838509808666
2256,-1021.7897928086659
2257,-1021.7897928086659
2258,-971.4833138086659
2259,-997.141790808666
2260,-997.141790808666
2261,-986.8415588086659
2262,-973.097299808666
2263,-957.8065238086659
2264,-997.8078768086663
2265,-1019.1752618086663
2266,-998.0787138086662
2267,-999.7729998086659
2268,-978.5806728086659
2269,-997.4368788086664
2270,-994.2538438086664
2271,-1014.2868338086662
2272,-994.840548808666
2273,-1036.9428198086662
2274,-1036.9428198086662
2275,-1056.6961048086662
2276,-1082.5175998086659
2277,-1104.534974808666
2278,-1063.3892748086662
2279,-1066.4365398086659
2280,-1034.629792808666
2281,-1045.2690038086662
2282,-1045.2690038086662
2283,-1006.2011898086662
2284,-1005.540072808666
2285,-1005.540072808666
2286,-1031.4303808086659
2287,-1014.7296778086659
2288,-1001.1801728086663
2289,-997.9793118086659
2290,-997.9793118086659
2291,-997.9793118086659
2292,-1010.7975808086662
2293,-1039.3121828086662
2294,-1010.3531708086663
2295,-1001.885083808666
2296,-1004.4171208086659
2297,-1004.4171208086659
2298,-1004.4171208086659
2299,-1040.406771808666
2300,-1048.4390848086662
2301,-97.77742296709013
2302,-97.77742296709013
2303,-1153.9943161633105
2304,-1090.0715458086659
2305,-108328.4703808666
2306,-1101.6124328086662
2307,-1114.578328808666
2308,-1110.659958808666
2309,-123.75373996709023
2310,-123.75373996709023
2311,-1158.1196768086659
2312,-2137.898443429312
2313,-1145.7870258086662
2314,-1153.8702868086662
2315,-1160.0547408086659
2316,-1187.978420808666
2317,-1197.436904808666
2318,-1191.0275078086659
2319,-1191.0275078086659
2320,-1191.0471858086662
2321,-1219.286555808666
2322,-1209.1892598086658
2323,-1233.4605678086662
2324,-1193.4449778086662
2325,-1201.7257158086659
2326,-1207.870515808666
2327,-1220.4504738086662
2328,-1225.9839378086658
2329,-1299.710943808666
2330,-1266.165416808666
2331,-1281.175549808666
2332,-1299.957427808666
2333,-1276.0972128086662
2334,-1238.5872658086662
2335,-1208.143663808666
2336,-1264.5967668086662
2337,-1264.5967668086662
2338,-1204.7203788086658
2339,-1204.102997808666
2340,-1233.9288428086659
2341,-1244.544922808666
2342,-1227.9836198086662
2343,-1330.6545478086662
2344,-1326.1931178086659
2345,-1326.1931178086659
2346,-1384.7496048086664
2347,-1384.7496048086664
2348,-1316.2490658086658
2349,-1272.705037808666
2350,-1274.391953808666
2351,-1246.7520648086659
2352,-1213.908401808666
2353,-1239.2330998086659
2354,-1210.040911808666
2355,-1257.5879988086658
2356,-1257.5879988086658
2357,-2160.097560429312
2358,-2160.097560429312
2359,-1205.443741808666
2360,-1192.8992728086662
2361,-1192.8992728086662
2362,-1192.8992728086662
2363,-1218.919076808666
2364,-1169.3647368086658
2365,-1158.3585288086658
2366,-1253.5082538086658
2367,-1287.043655808666
2368,-1231.429457808666
2369,-1290.094185808666
2370,-1329.8712238086662
2371,-1329.8712238086662
2372,-1329.8712238086662
2373,-1349.3005348086658
2374,-1349.3005348086658
2375,-2300.388027429312
2376,-1320.016915808666
2377,-1320.016915808666
2378,-1320.016915808666
2379,-1320.016915808666
2380,-1320.016915808666
2381,-1425.0734178086661
2382,-1448.6256848086664
2383,-1448.6256848086664
2384,-1448.6256848086664
2385,-1448.6256848086664
2386,-1440.3393828086664
2387,-1370.101706808666
2388,-1406.406141808666
2389,-1439.192055808666
2390,-1461.585329808666
2391,-1409.008181808666
2392,-1345.953735808666
2393,-1315.4235558086662
2394,-1285.417978808666
2395,-1287.403296808666
2396,-1310.7222038086659
2397,-2317.983980429312
2398,-1371.281809808666
2399,-1385.6942618086664
2400,-1333.592146808666
2401,-304.9170889670902
2402,-1368.505418808666
2403,-1362.326085808666
2404,-1362.326085808666
2405,-1254.355388808666
2406,-1251.1866548086662
2407,-1259.7043048086662
2408,-1341.373187808666
2409,-1341.373187808666
2410,-1339.4475418086658
2411,-1363.0384138086658
2412,-1363.0384138086658
2413,-1363.0384138086658
2414,-1414.1444698086661
2415,-1310.956476808666
2416,-1309.153976808666
2417,-1274.6632758086662
2418,-1274.6632758086662
2419,-1331.190322808666
2420,-1419.8586958086664
2421,-1330.5216718086658
2422,-1442.842216808666
2423,-1284.617155808666
2424,-1284.617155808666
2425,-1140.0988838086662
2426,-1154.4467288086662
2427,-1090.218545808666
2428,-1079.8334978086662
2429,-1074.079368808666
2430,-2047.608249429312
2431,-1010.7351788086662
2432,-994.4115188086662
2433,-968.5165808086664
2434,-968.5165808086664
2435,-992.0810578086662
2436,-986.4004278086659
2437,-986.4004278086659
2438,-1000.9152728086659
2439,-1014.503377808666
2440,-1957.0256894293116
2441,-1957.0256894293116
2442,-989.0939028086659
2443,-989.0939028086659
2444,-928.0220338086659
2445,-928.0220338086659
2446,-928.0220338086659
2447,-972.937910808666
2448,-1004.2805408086659
2449,-1022.9413968086659
2450,-1029.4371468086658
2451,-1059.6647178086662
2452,-1077.9347078086662
2453,-1065.7821118086658
2454,-1072.7664878086662
2455,-1056.611154808666
2456,-1101.060592808666
2457,-1117.7930588086658
2458,-1118.3245778086662
2459,-1123.500032808666
2460,-1087.3886948086658
2461,-1087.3886948086658
2462,-1123.2997138086662
2463,-1090.7413108086662
2464,-1102.166130808666
2465,-1078.5493208086662
2466,-108408.9156808666
2467,-108408.9156808666
2468,-28.524043967090133
2469,-1019.2689728086659
2470,-952.4081658086659
2471,-982.3444708086664
2472,-995.7339398086659
2473,-1020.5879518086659
2474,-1046.766698808666
2475,-1037.5497108086658
2476,-1000.2265628086659
2477,-1000.2265628086659
2478,-1000.2265628086659
2479,-1096.7930609733105
2480,-1015.5112408086659
2481,-1015.5112408086659
2482,-954.3223968086659
2483,-971.3926318086659
2484,-933.4923238086662
2485,-966.0708088086662
2486,-989.6005138086663
2487,-999.7795528086664
2488,-990.674487808666
2489,-990.674487808666
2490,-936.3211188086659
2491,-936.3211188086659
2492,-919.4802648086659
2493,-927.5396848086663
2494,-940.622029808666
2495,-962.5358218086662
2496,-962.5358218086662
2497,-974.3987008086659
2498,-1015.258953808666
2499,-1995.4577304293116
2500,-985.5068588086659
2501,-985.5068588086659
2502,-985.5068588086659
2503,-1017.107882808666
2504,-1017.107882808666
2505,-970.8353298086664
2506,-949.5872988086662
2507,-937.8188698086659
2508,-939.9537188086659
2509,-949.7840998086664
2510,-956.2059668086664
2511,-964.2192998086663
2512,-964.2192998086663
2513,-999.1671878086664
2514,-1018.3558608086662
2515,-1013.176195808666
2516,-1029.9573098086662
